,name,categories,price,href
0,Boost Squirrel PC Case Fan,"Cooling Solutions, Fans","₨1,000",https://xtremehardware.pk/product/boost-squirrel-pc-case-fan/
1,ID-COOLING FROST X05 3G Thermal Paste,Cooling Solutions,"₨1,000",https://xtremehardware.pk/product/id-cooling-frost-x05-3g-thermal-paste/
2,ID-Cooling FS-04 PWM Fan Splitter Cable,Cables,"₨1,000",https://xtremehardware.pk/product/id-cooling-fs-04-pwm-fan-splitter-cable/
3,ID-Cooling FS-06 5V 3Pin ARGB Splitter Cable,Cables,"₨1,200",https://xtremehardware.pk/product/id-cooling-fs-06-5v-3pin-argb-splitter-cable/
4,ID-COOLING Frost X25 2G Ultra High Thermal,Cooling Solutions,"₨1,350",https://xtremehardware.pk/product/id-cooling-frost-x25-2g-ultra-high-thermal/
5,ID-COOLING FROST X05 5G Thermal Paste,Cooling Solutions,"₨1,500",https://xtremehardware.pk/product/id-cooling-frost-x05-5g-thermal-paste/
6,ID-COOLING Frost X25 4G Ultra High Thermal,Cooling Solutions,"₨2,000",https://xtremehardware.pk/product/id-cooling-frost-x25-4g-ultra-high-thermal/
7,ID-COOLING MP-8040 Gaming Mouse Pad,Mouse Pad,"₨2,000",https://xtremehardware.pk/product/id-cooling-mp-8040-gaming-mouse-pad/
8,ID-COOLING HA-02 Fun Hub,Fans,"₨3,250",https://xtremehardware.pk/product/id-cooling-ha-02-fun-hub/
9,Intel® Core™ i5-3470 Processor,Processors,"₨4,500",https://xtremehardware.pk/product/intel-core-i5-3470-processor/
10,SILVERSTONE IMF70 ARGB,Cooling Solutions,"₨5,152",https://xtremehardware.pk/product/silverstone-imf70-argb/
11,ID-COOLING SE 214 XT ARGB BLACK,Cooling Solutions,"₨7,000",https://xtremehardware.pk/product/id-cooling-se-214-xt-argb-black/
12,ID-COOLING SE 214 XT ARGB WHITE,Cooling Solutions,"₨7,500",https://xtremehardware.pk/product/id-cooling-se-214-xt-argb-white/
13,DeepCool AG400 ARGB Black,Cooling Solutions,"₨7,700",https://xtremehardware.pk/product/deepcool-ag400-argb-black/
14,DeepCool AG400 PLUS,Cooling Solutions,"₨7,700",https://xtremehardware.pk/product/deepcool-ag400-plus/
15,SILVERSTONE AR12 TUF,Cooling Solutions,"₨7,840",https://xtremehardware.pk/product/silverstone-ar12-tuf-2/
16,DeepCool AG400 ARGB White,Cooling Solutions,"₨8,500",https://xtremehardware.pk/product/deepcool-ag400-argb-white/
17,DeepCool AK400 White,Cooling Solutions,"₨8,500",https://xtremehardware.pk/product/deepcool-ak400-white/
18,BOOST WOLF GAMING CASE WITHOUT FAN,Casing,"₨8,700",https://xtremehardware.pk/product/boost-wolf-gaming-case-without-fan/
19,Ease EB550 550W 80 Plus Bronze Power Supply,Power Supply,"₨8,999",https://xtremehardware.pk/product/ease-eb550-550w-80-plus-bronze-power-supply/
20,ID-COOLING SE 224 XTS ARGB WHITE,Cooling Solutions,"₨9,000",https://xtremehardware.pk/product/id-cooling-se-224-xts-argb-white/
21,ID-COOLING XF 12025 ARGB TRIO 120mm 3 Pack Fans,"Cooling Solutions, Fans","₨9,000",https://xtremehardware.pk/product/id-cooling-xf-12025-argb-trio-120mm-3-pack-fans/
22,BOOST TITAN 650W PSU,Power Supply,"₨9,499",https://xtremehardware.pk/product/boost-titan-650w-psu/
23,DeepCool AK400 ZERO DARK PLUS,Cooling Solutions,"₨9,500",https://xtremehardware.pk/product/deepcool-ak400-zero-dark-plus/
24,ID-COOLING TF 12025 ARGB TRIO Black 3 Fan Pack,"Cooling Solutions, Fans","₨10,500",https://xtremehardware.pk/product/id-cooling-tf-12025-argb-trio-black-3-fan-pack/
25,BOOST CHEETAH PRO BLACK,Casing,"₨10,999",https://xtremehardware.pk/product/boost-cheetah-pro-black/
26,BOOST JAGUAR BLACK,Casing,"₨10,999",https://xtremehardware.pk/product/boost-jaguar-black/
27,ID-COOLING TF 12025 ARGB TRIO Snow 3 Fan Pack,"Cooling Solutions, Fans","₨11,000",https://xtremehardware.pk/product/id-cooling-tf-12025-argb-trio-snow-3-fan-pack/
28,DeepCool AK400 Digital Black,Cooling Solutions,"₨11,000",https://xtremehardware.pk/product/deepcool-ak400-digital-black/
29,DeepCool AK400 Digital White,Cooling Solutions,"₨11,300",https://xtremehardware.pk/product/deepcool-ak400-digital-white/
30,Aerocool Trinity Mini,Casing,"₨11,499",https://xtremehardware.pk/product/aerocool-trinity-mini/
31,BOOST CHEETAH PRO WHITE,Casing,"₨11,999",https://xtremehardware.pk/product/boost-cheetah-pro-white/
32,BOOST JAGUAR WHITE,Casing,"₨11,999",https://xtremehardware.pk/product/boost-jaguar-white/
33,AMD Ryzen 3 2200G Processor,Processors,"₨12,000",https://xtremehardware.pk/product/amd-ryzen-3-2200g-processor/
34,EASE EOC250W Case with PSU,Casing,"₨12,000",https://xtremehardware.pk/product/ease-eoc250w-case-with-psu/
35,SILVERSTONE ARGON V140 ARGB,Cooling Solutions,"₨12,320",https://xtremehardware.pk/product/silverstone-argon-v140-argb/
36,Deepcool AG400 DIGITAL PLUS ARGB,Cooling Solutions,"₨12,800",https://xtremehardware.pk/product/deepcool-ag400-digital-plus-argb/
37,Boost Peacock Gaming Case Black,Casing,"₨13,000",https://xtremehardware.pk/product/boost-peacock-with-stylish-pen-gaming-case-black/
38,SILVERSTONE ST50F ES230 V2.1,Power Supply,"₨13,440",https://xtremehardware.pk/product/silverstone-st50f-es230-v2-1/
39,ID-COOLING SE 226 XT ARGB Black,Cooling Solutions,"₨13,500",https://xtremehardware.pk/product/id-cooling-se-226-xt-argb-black/
40,ID-COOLING SE 226 XT Snow White,Cooling Solutions,"₨14,000",https://xtremehardware.pk/product/id-cooling-se-226-xt-snow-white/
41,BOOST ZEUS 650W PSU,Power Supply,"₨14,499",https://xtremehardware.pk/product/boost-zeus-650w-psu/
42,ID-COOLING SE 206 XT,Cooling Solutions,"₨14,500",https://xtremehardware.pk/product/id-cooling-se-206-xt/
43,K55 RGB PRO Gaming Keyboard,Keyboard,"₨14,500",https://xtremehardware.pk/product/k55-rgb-pro-gaming-keyboard/
44,SilverStone HYDROGON D120 ARGB BLACK,Cooling Solutions,"₨14,560",https://xtremehardware.pk/product/silverstone-hydrogon-d120-argb-black/
45,SILVERSTONE HYDROGON D120 ARGB WHITE,Cooling Solutions,"₨14,560",https://xtremehardware.pk/product/silverstone-hydrogon-d120-argb/
46,ID-Cooling ZF 12025 ARGB Trio Snow White Case Fan 3 Pack,"Cooling Solutions, Fans","₨15,000",https://xtremehardware.pk/product/id-cooling-zf-12025-argb-trio-snow-white-case-fan-3-pack/
47,BOOST ZEUS 750W PSU,Power Supply,"₨15,499",https://xtremehardware.pk/product/boost-zeus-750w-psu/
48,LIAN LI Strimer Plus V2 Triple 8 Pin Addressable RGB VGA Power Cable (Controller not included) Strimer Plus V2 Triple 8 Pin,Cables,"₨15,990",https://xtremehardware.pk/product/lian-li-strimer-plus-v2-triple-8pin/
49,SilverStone SST-ST65F-ES230 V1.1,Power Supply,"₨16,240",https://xtremehardware.pk/product/silverstone-sst-st65f-es230-v1-1/
50,Boost Hydra ARGB Liquid Cooler,Cooling Solutions,"₨16,500",https://xtremehardware.pk/product/boost-hydra-argb-liquid-cooler/
51,SILVERSTONE SST ST650 EF WBW WHITE,Power Supply,"₨16,800",https://xtremehardware.pk/product/silverstone-sst-st650-ef-wbw-white/
52,ID-COOLING FROZN A620 Black,Cooling Solutions,"₨17,000",https://xtremehardware.pk/product/id-cooling-frozn-a620-black/
53,GIGABYTE B450M S2H (WITHOUT BOX),Motherboard,"₨18,000",https://xtremehardware.pk/product/gigabyte-b450m-s2h-without-box/
54,ID-COOLING SE 207 XT BLACK Advanced,Cooling Solutions,"₨18,000",https://xtremehardware.pk/product/id-cooling-se-207-xt-black-advanced/
55,ASUS PRIME A320M-E,Motherboard,"₨18,500",https://xtremehardware.pk/product/asus-prime-a320m-e/
56,DeepCool PK650D 80+ Bronze (UK) Power Supply,Power Supply,"₨18,500",https://xtremehardware.pk/product/deepcool-pk650d-80-bronze-uk-power-supply/
57,ASUS A21 micro-ATX case BLACK,Casing,"₨18,900",https://xtremehardware.pk/product/asus-a21-micro-atx-case-black/
58,SILVERSTONE VIVA 650 Bronze,Power Supply,"₨19,040",https://xtremehardware.pk/product/silverstone-viva-650-bronze/
59,DeepCool AK620 CPU Air Cooler Black,Cooling Solutions,"₨19,200",https://xtremehardware.pk/product/deepcool-ak620-cpu-air-cooler-black/
60,DeepCool AK620 CPU Air Cooler White,Cooling Solutions,"₨19,800",https://xtremehardware.pk/product/deepcool-ak620-cpu-air-cooler-white/
61,ASUS A21 micro-ATX case WHITE,Casing,"₨20,350",https://xtremehardware.pk/product/asus-a21-micro-atx-case-white/
62,XPG STARKER Air Mid-Tower PC Case,Casing,"₨20,500",https://xtremehardware.pk/product/xpg-starker-air-mid-tower-pc-case/
63,DeepCool PK750D 80+ Bronze (UK) Power Supply,Power Supply,"₨20,500",https://xtremehardware.pk/product/deepcool-pk750d-80-bronze-uk-power-supply/
64,XPG STARKER Air Mid-Tower PC Case – White,Casing,"₨20,500",https://xtremehardware.pk/product/xpg-starker-air-mid-tower-pc-case-white/
65,GIGABYTE A320M-S2H,Motherboard,"₨21,000",https://xtremehardware.pk/product/gigabyte-a320m-s2h/
66,AMD RYZEN 5 4500  Processor(Tray),Processors,"₨21,000",https://xtremehardware.pk/product/amd-ryzen-5-4500-processortray/
67,SILVERSTONE FARA B1 PRO V2,Casing,"₨21,000",https://xtremehardware.pk/product/silverstone-fara-b1-pro-v2/
68,SILVERSTONE FARA R1 PRO V2,Casing,"₨21,000",https://xtremehardware.pk/product/silverstone-fara-r1-pro-v2/
69,SILVERSTONE VIVA 750 Bronze,Power Supply,"₨21,280",https://xtremehardware.pk/product/silverstone-viva-750-bronze/
70,ID-COOLING DashFlow 240 Basic 240mm AIO CPU Cooler Black,Cooling Solutions,"₨21,500",https://xtremehardware.pk/product/id-cooling-dashflow-240-basic-240mm-aio-cpu-cooler-black/
71,Lian Li LANCOOL 205 Case – Black,Casing,"₨22,000",https://xtremehardware.pk/product/lancool-205-black/
72,MAXSUN CHALLENGER B450M,Motherboard,"₨22,000",https://xtremehardware.pk/product/maxsun-challenger-b450m/
73,Asus Prime A320M-K,Motherboard,"₨22,000",https://xtremehardware.pk/product/asus-prime-a320m-k/
74,SILVERSTONE FARA R1 WHITE PRO V2,Casing,"₨22,000",https://xtremehardware.pk/product/silverstone-fara-r1-white-pro-v2/
75,SILVERSTONE FARA 512Z,Casing,"₨22,000",https://xtremehardware.pk/product/silverstone-fara-512z/
76,SILVERSTONE FARA 511Z,Casing,"₨22,000",https://xtremehardware.pk/product/silverstone-fara-511z/
77,AMD Ryzen 5 3600 Tray,Processors,"₨22,000",https://xtremehardware.pk/product/amd-ryzen-5-3600-tray/
78,Boost Unicorn With 3 ARGB Fans Gaming Case,Casing,"₨22,500",https://xtremehardware.pk/product/boost-unicorn/
79,ID-COOLING DashFlow 240 Basic 240mm AIO CPU Cooler White,Cooling Solutions,"₨22,500",https://xtremehardware.pk/product/id-cooling-dashflow-240-basic-240mm-aio-cpu-cooler-white/
80,ID-Cooling ZoomFlow 240XT ARGB AIO Liquid CPU Cooler Black,Cooling Solutions,"₨22,500",https://xtremehardware.pk/product/id-cooling-zoomflow-240xt-argb-aio-liquid-cpu-cooler-black/
81,XPG Defender Mid-Tower PC Case – Black,Casing,"₨22,500",https://xtremehardware.pk/product/xpg-defender-mid-tower-pc-case-black/
82,XPG Defender Mid-Tower PC Case – White,Casing,"₨22,500",https://xtremehardware.pk/product/xpg-defender-mid-tower-pc-case-white/
83,ASUS Prime AP201 Tempered Glass Gaming Case (White),Casing,"₨22,900",https://xtremehardware.pk/product/asus-prime-ap201-tempered-glass-gaming-case-white/
84,Lian Li LANCOOL 205 Case – White,Casing,"₨23,000",https://xtremehardware.pk/product/lancool-205-white/
85,ID-Cooling ZoomFlow 240XT ARGB AIO Liquid CPU Cooler Snow White,Cooling Solutions,"₨23,500",https://xtremehardware.pk/product/id-cooling-zoomflow-240xt-argb-aio-liquid-cpu-cooler-snow-white/
86,Asus TUF Gaming GT301 ATX Mid-Tower Compact Case,Casing,"₨23,900",https://xtremehardware.pk/product/gt301-tuf-gaming-case/
87,BIOSTAR B560MH-E,Motherboard,"₨24,000",https://xtremehardware.pk/product/biostar-b560mh-e/
88,DeepCool PM750D 80 Plus Gold Semi Modular (UK) Power Supply,Power Supply,"₨24,000",https://xtremehardware.pk/product/deepcool-pm750d-80-plus-gold-semi-modular-uk-power-supply/
89,DeepCool GAMMAXX L240 ARGB CPU Liquid Cooler Black,Cooling Solutions,"₨24,300",https://xtremehardware.pk/product/deepcool-gammaxx-l240-argb-cpu-liquid-cooler-black/
90,DeepCool GAMMAXX L240 ARGB CPU Liquid Cooler White,Cooling Solutions,"₨25,700",https://xtremehardware.pk/product/deepcool-gammaxx-l240-argb-cpu-liquid-cooler-white/
91,Basic 1,Pre Build PC,"₨25,999",https://xtremehardware.pk/product/basic-01/
92,SILVERSTONE PF240 ARGB,Cooling Solutions,"₨26,880",https://xtremehardware.pk/product/silverstone-pf240-argb/
93,EASE O22V75 22″ Full HD,LCD/LED Montiors,"₨26,999",https://xtremehardware.pk/product/ease-o22v75-22%e2%80%b3-full-hd/
94,AEROCOOL DRYFT,Casing,"₨27,499",https://xtremehardware.pk/product/aerocool-dryft/
95,GIGABYTE B450M GAMING,Motherboard,"₨27,500",https://xtremehardware.pk/product/gigabyte-b450m-gaming-price-in-pakistan/
96,XPG KYBER 850WATT 80PLUS GOLD PSU,Power Supply,"₨27,500",https://xtremehardware.pk/product/xpg-kyber-850watt-80plus-gold-psu/
97,ASUS PRIME B450M-K II,Motherboard,"₨27,500",https://xtremehardware.pk/product/asus-prime-b450m-k-ii/
98,DeepCool LS720S Zero Dark Liquid CPU Cooler,Cooling Solutions,"₨27,500",https://xtremehardware.pk/product/deepcool-ls720s-zero-dark-liquid-cpu-cooler/
99,ASUS PRIME H510M-K,Motherboard,"₨28,000",https://xtremehardware.pk/product/asus-prime-h510m-k-2/
100,Lian Li LANCOOL 205 Mesh Tempered Glass Side Panel Mid-Tower ATX Computer Case PC Gaming Case Black,Casing,"₨28,500",https://xtremehardware.pk/product/lancool-205-mesh-black/
101,Lian Li LANCOOL 215 Case Snow White,Casing,"₨28,500",https://xtremehardware.pk/product/lian-li-lancool-215-case-snow-white/
102,ID-Cooling ZoomFlow 360XT 360mm ARGB AIO Liquid CPU Cooler Black,Cooling Solutions,"₨29,000",https://xtremehardware.pk/product/id-cooling-zoomflow-360xt-360mm-argb-aio-liquid-cpu-cooler-black/
103,MSI X470 GAMING PLUS (WITHOUT BOX),Motherboard,"₨30,000",https://xtremehardware.pk/product/msi-x470-gaming-plus-without-box/
104,MSI GAMING GeForce GTX 1060 3GB,Graphic Cards,"₨30,000",https://xtremehardware.pk/product/msi-gaming-geforce-gtx-1060-3gb/
105,ID-Cooling ZoomFlow 360XT 360mm ARGB AIO Liquid CPU Cooler Snow White,Cooling Solutions,"₨30,000",https://xtremehardware.pk/product/id-cooling-zoomflow-360xt-360mm-argb-aio-liquid-cpu-cooler-snow-white/
106,ASUS PRIME B450M-A II,Motherboard,"₨30,250",https://xtremehardware.pk/product/asus-prime-b450m-a-ii/
107,GIGABYTE B450M S2H,Motherboard,"₨30,500",https://xtremehardware.pk/product/gigabyte-b450m-s2h/
108,DeepCool GAMMAXX L360 ARGB CPU Liquid Cooler White,Cooling Solutions,"₨31,000",https://xtremehardware.pk/product/deepcool-gammaxx-l360-argb-cpu-liquid-cooler-white/
109,Corsair 3000D RGB AIRFLOW Mid-Tower PC Case – Black,Casing,"₨31,000",https://xtremehardware.pk/product/corsair-3000d-rgb-airflow-mid-tower-pc-case-black/
110,SILVERSTONE ICEMYST 240,Cooling Solutions,"₨31,360",https://xtremehardware.pk/product/silverstone-icemyst-240/
111,GIGABYTE B560M GAMING HD,Motherboard,"₨31,500",https://xtremehardware.pk/product/gigabyte-b560m-gaming-hd/
112,DeepCool LS520 240mm CPU Liquid Cooler Black,Cooling Solutions,"₨31,500",https://xtremehardware.pk/product/deepcool-ls520-240mm-cpu-liquid-cooler-black/
113,ASUS PRIME A620M-E,Motherboard,"₨31,900",https://xtremehardware.pk/product/asus-prime-a620m-e/
114,MSI B450M PRO-VDH MAX D4,Motherboard,"₨32,000",https://xtremehardware.pk/product/msi-b450m-pro-vdh-max-d4/
115,GIGABYTE B560M GAMING HD,Motherboard,"₨32,000",https://xtremehardware.pk/product/gigabyte-b560m-gaming-hd-2/
116,AMD Ryzen 5 5600 Tray,Processors,"₨32,000",https://xtremehardware.pk/product/amd-ryzen-5-5600-tray/
117,Cougar Blazer Essence Mid Tower Case,Casing,"₨32,000",https://xtremehardware.pk/product/cougar-blazer-essence-mid-tower-case-2/
118,GIGABYTE B450M DS3H V2,Motherboard,"₨33,000",https://xtremehardware.pk/product/gigabyte-b450m-ds3h-v2/
119,ASUS PRIME H610M-K D4,Motherboard,"₨33,000",https://xtremehardware.pk/product/asus-prime-h610m-k-d4/
120,SILVERSTONE PF360 ARGB V2,Cooling Solutions,"₨33,040",https://xtremehardware.pk/product/silverstone-pf360-argb-v2/
121,DeepCool LS520 240mm AIO Liquid CPU Cooler White,Cooling Solutions,"₨33,500",https://xtremehardware.pk/product/deepcool-ls520-240mm-aio-liquid-cpu-cooler-white/
122,GigaByte H610M-H,Motherboard,"₨34,000",https://xtremehardware.pk/product/gigabyte-h610m-h/
123,SILVERSTONE SST DA750R-GMA Black,Power Supply,"₨34,160",https://xtremehardware.pk/product/silverstone-sst-da750r-gma-black/
124,SILVERSTONE PF360 WHITE ARGB V2,Cooling Solutions,"₨34,160",https://xtremehardware.pk/product/silverstone-pf360-white-argb-v2/
125,AMD Ryzen 5 5600,Processors,"₨34,500",https://xtremehardware.pk/product/amd-ryzen-5-5600/
126,Basic 2,Pre Build PC,"₨34,999",https://xtremehardware.pk/product/basic-02/
127,MSI GAMING GeForce GTX 1060 6GB,Graphic Cards,"₨35,000",https://xtremehardware.pk/product/msi-gaming-geforce-gtx-1060-6gb/
128,SILVERSTONE SST DA750R GMA White,Power Supply,"₨35,280",https://xtremehardware.pk/product/silverstone-sst-da750r-gma-white/
129,Intel Core i5-12400F Processor TRAY PACK,Processors,"₨36,000",https://xtremehardware.pk/product/intel-core-i5-12400f-processor-tray-pack/
130,DeepCool LT720 360mm CPU Liquid Cooler Black,Cooling Solutions,"₨36,500",https://xtremehardware.pk/product/deepcool-lt720-360mm-cpu-liquid-cooler-black/
131,MSI PRO B760M-E DDR4,Motherboard,"₨37,000",https://xtremehardware.pk/product/msi-pro-b760m-e-ddr4-price-pakistan/
132,DeepCool PX850G GOLD PCIe Gen 5 (UK) Power Supply,Power Supply,"₨37,000",https://xtremehardware.pk/product/deepcool-px850g-gold-pcie-gen-5-uk-power-supply/
133,EASE O24I10 24″ Full HD,LCD/LED Montiors,"₨37,499",https://xtremehardware.pk/product/ease-o24i10-24%e2%80%b3-full-hd/
134,DeepCool LT720 360mm CPU Liquid Cooler White,Cooling Solutions,"₨37,500",https://xtremehardware.pk/product/deepcool-lt720-360mm-cpu-liquid-cooler-white/
135,DeepCool LS720 360mm CPU Liquid Cooler Black,Cooling Solutions,"₨38,000",https://xtremehardware.pk/product/deepcool-ls720-360mm-cpu-liquid-cooler-black/
136,XPG Core Reactor II 750W 80 Plus Gold,Power Supply,"₨38,500",https://xtremehardware.pk/product/xpg-core-reactor-ii-750w-80-plus-gold/
137,ASUS PRIME H610M-K ARGB D5,Motherboard,"₨38,500",https://xtremehardware.pk/product/asus-prime-h610m-k-argb-d5/
138,"ASUS Prime B760M-K D4, an Intel® B760 LGA 1700 mATX motherboard",Motherboard,"₨39,000",https://xtremehardware.pk/product/asus-prime-b760m-k-d4-an-intel-b760-lga-1700-matx-motherboard/
139,ASUS VZ24EHE 24″ 1080P FHD IPS Eye Care Monitor,LCD/LED Montiors,"₨39,600",https://xtremehardware.pk/product/asus-vz24ehe-24-1080p-fhd-ips-eye-care-monitor/
140,GIGABYTE B550M DS3H,Motherboard,"₨40,000",https://xtremehardware.pk/product/gigabyte-b550m-ds3h/
141,B450 AORUS PRO WIFI,Motherboard,"₨40,000",https://xtremehardware.pk/product/b450-aorus-pro-wifi/
142,DeepCool LS720 360mm AIO Liquid CPU Cooler White,Cooling Solutions,"₨40,000",https://xtremehardware.pk/product/deepcool-ls720-360mm-aio-liquid-cpu-cooler-white/
143,Asus Prime B550M-K,Motherboard,"₨40,700",https://xtremehardware.pk/product/asus-prime-b550m-k/
144,ASUS Prime 750W Gold,Power Supply,"₨41,800",https://xtremehardware.pk/product/asus-prime-750w-gold/
145,ASUS TUF Gaming LC II 360 ARGB,Cooling Solutions,"₨41,800",https://xtremehardware.pk/product/asus-tuf-gaming-lc-ii-360-argb/
146,ASUS ROG STRIX LC II 240,Cooling Solutions,"₨41,800",https://xtremehardware.pk/product/asus-rog-strix-lc-ii-240/
147,Gigabyte B550M AORUS ELITE Motherboard,Motherboard,"₨42,000",https://xtremehardware.pk/product/gigabyte-b550m-aorus-elite-motherboard/
148,GIGABYTE B760M D2H DDR4,Motherboard,"₨42,000",https://xtremehardware.pk/product/gigabyte-b760m-d2h-ddr4-price-pakistan/
149,MSI PRO B760M-P DDR4,Motherboard,"₨42,000",https://xtremehardware.pk/product/msi-pro-b760m-p-ddr4-price-pakistan/
150,ASUS PRIME B550M-A,Motherboard,"₨42,900",https://xtremehardware.pk/product/asus-prime-b550m-a/
151,SILVERSTONE SST DA850R GMA Black,Power Supply,"₨43,120",https://xtremehardware.pk/product/silverstone-sst-da850r-gma-black/
152,ASUS TUF Gaming GT501 Mid-Tower Computer Case (Black),Casing,"₨44,000",https://xtremehardware.pk/product/gt501-tuf-gaming-case-black/
153,ASUS Prime B760M-K,Motherboard,"₨44,000",https://xtremehardware.pk/product/asus-prime-b760m-k/
154,SILVERSTONE SST DA850R GMA White,Power Supply,"₨44,240",https://xtremehardware.pk/product/silverstone-sst-da850r-gma-white/
155,ASUS TUF GT501 Mid Tower GAMING CASE (WHITE Edition),Casing,"₨45,000",https://xtremehardware.pk/product/gt501-tuf-gaming-case-white/
156,GIGABYTE X570 GAMING X (WITHOUT BOX),Motherboard,"₨45,000",https://xtremehardware.pk/product/gigabyte-x570-gaming-x-without-box/
157,Intel Core i5-11400  Processor,Processors,"₨45,000",https://xtremehardware.pk/product/intel-core-i5-11400-processor/
158,AMD Ryzen 7 3700X  Processor (Tray),Processors,"₨45,000",https://xtremehardware.pk/product/amd-ryzen-7-3700x-processor-tray/
159,Intel Core i5-12400 Processor Tray Pack,Processors,"₨45,000",https://xtremehardware.pk/product/intel-core-i5-12400-processor-tray-pack/
160,AMD Ryzen™ 5 7500F Tray,Processors,"₨45,000",https://xtremehardware.pk/product/amd-ryzen-5-7500f-tray/
161,ASUS TUF Gaming VG246H1A Gaming Monitor – 24 inch Full HD,LCD/LED Montiors,"₨46,200",https://xtremehardware.pk/product/asus-tuf-gaming-vg246h1a-gaming-monitor-24-inch-full-hd/
162,ASUS Prime 850W Gold,Power Supply,"₨46,200",https://xtremehardware.pk/product/asus-prime-850w-gold/
163,Razer Tomahawk ATX Mid-tower with Razer Chroma RGB Gaming Chassis,Casing,"₨46,500",https://xtremehardware.pk/product/razer-tomahawk-atx-mid-tower-with-razer-chroma-rgb-gaming-chassis/
164,AMD Ryzen 5 5600X Processor,Processors,"₨47,500",https://xtremehardware.pk/product/amd-ryzen-5-5600x-processor/
165,XPG Core Reactor II 850W 80 Plus Gold,Power Supply,"₨47,500",https://xtremehardware.pk/product/xpg-core-reactor-ii-850w-80-plus-gold/
166,CORSAIR iCUE H100i ELITE LCD Display Liquid AIO,Cooling Solutions,"₨48,000",https://xtremehardware.pk/product/corsair-icue-h100i-elite-lcd-display-liquid-aio/
167,ID-COOLING SL240 Space LCD 240mm AIO CPU Cooler Black,Cooling Solutions,"₨48,000",https://xtremehardware.pk/product/id-cooling-sl240-space-lcd-240mm-aio-cpu-cooler-black/
168,ASUS PRIME B760M-A,Motherboard,"₨49,500",https://xtremehardware.pk/product/prime-b760m-a-intel-b760-lga-1700-matx-motherboard-with-pcie-4-0-ddr5/
169,ASUS TUF Gaming 850W Gold,Power Supply,"₨49,500",https://xtremehardware.pk/product/asus-tuf-gaming-850w-gold/
170,ASUS PRIME B550M-A WIFI II,Motherboard,"₨49,500",https://xtremehardware.pk/product/asus-prime-b550m-a-wifi-ii/
171,LIAN LI Lancool III RGB Black Aluminum/SECC/Tempered Glass Gaming Case – LANCOOL 3R-X,Casing,"₨50,000",https://xtremehardware.pk/product/lancool-iii-black-rgb/
172,Professional 1,Pre Build PC,"₨50,000",https://xtremehardware.pk/product/professional-1/
173,LIAN LI PC-O11 Dynamic Razer Edition Black ATX Mid Tower Gaming Computer Case,Casing,"₨50,000",https://xtremehardware.pk/product/lian-li-pc-o11-dynamic-razer-edition-black-atx-mid-tower-gaming-computer-case/
174,MSI MPG X570 GAMING EDGE WIFI (WITHOUT BOX),Motherboard,"₨50,000",https://xtremehardware.pk/product/msi-mpg-x570-gaming-edge-wifi-without-box/
175,ASUS TUF A620M Plus,Motherboard,"₨50,000",https://xtremehardware.pk/product/asus-tuf-a620m-plus/
176,Xtreme 1,Pre Build PC,"₨50,000",https://xtremehardware.pk/product/xtreme-1-2/
177,Intel Core i5-12500 Processor (TRAY),Processors,"₨50,500",https://xtremehardware.pk/product/intel-core-i5-12500-processor-tray/
178,ASUS TUF GT502 TUF Gaming ATX Mid-Tower Computer Case (Black),Casing,"₨50,600",https://xtremehardware.pk/product/gt502-tug-gaming-case-black/
179,ASUS TUF GT502 TUF Gaming ATX Mid-Tower Computer Case (WHITE),Casing,"₨50,600",https://xtremehardware.pk/product/gt502-tuf-gaming-case-white/
180,LIAN LI Lancool III RGB White Aluminum/SECC/Tempered Glass Gaming Case – LANCOOL 3R-X,Casing,"₨51,000",https://xtremehardware.pk/product/lancool-iii-white-rgb/
181,GIGABYTE B550 GAMING X V2,Motherboard,"₨51,150",https://xtremehardware.pk/product/gigabyte-b550-gaming-x-v2/
182,TWISTED MINDS 23.8 FHD 200Hz CuRVED VA 1ms,LCD/LED Montiors,"₨51,499",https://xtremehardware.pk/product/twisted-minds-23-8-fhd-200hz-curved-va-1ms/
183,ASUS TUF Gaming VG247Q1A Gaming Monitor  24 inch (23.8 inch viewable) Full HD,LCD/LED Montiors,"₨52,800",https://xtremehardware.pk/product/asus-tuf-gaming-vg247q1a-gaming-monitor-24-inch-23-8-inch-viewable-full-hd/
184,ASUS PRIME B650M-A II,Motherboard,"₨53,350",https://xtremehardware.pk/product/asus-prime-b650m-a-ii/
185,Asus Prime B760-Plus,Motherboard,"₨53,900",https://xtremehardware.pk/product/asus-prime-b760-plus/
186,ASUS TUF GAMING B760M-PLUS,Motherboard,"₨53,900",https://xtremehardware.pk/product/asus-tuf-gaming-b760m-plus/
187,ASUS VZ27EHE Eye Care Monitor – 27 inch Full HD,LCD/LED Montiors,"₨53,900",https://xtremehardware.pk/product/asus-vz27ehe-eye-care-monitor-27-inch-full-hd/
188,ASUS VY279HE Eye Care Monitor 27 inch FHD,LCD/LED Montiors,"₨53,900",https://xtremehardware.pk/product/asus-vy279he-eye-care-monitor-27-inch-fhd/
189,MSI G244F E2,LCD/LED Montiors,"₨54,000",https://xtremehardware.pk/product/msi-g244f-e2/
190,GIGABYTE X570 GAMING X,Motherboard,"₨55,000",https://xtremehardware.pk/product/gigabyte-x570-gaming-x-price-in-pakistan/
191,BOOST T-REX,Casing,"₨55,000",https://xtremehardware.pk/product/boost-t-rex/
192,ID-Cooling DashFlow 360 XT ARGB AIO 360mm Liquid CPU Cooler Black,Cooling Solutions,"₨55,000",https://xtremehardware.pk/product/id-cooling-dashflow-360-xt-black/
193,Value 1,Pre Build PC,"₨55,000",https://xtremehardware.pk/product/value-1-2/
194,ASUS PRIME B760M-A WIFI,Motherboard,"₨57,200",https://xtremehardware.pk/product/asus-prime-b760m-a-wifi-lga-1700-matx-mortheboard-with-pcie-4-0-ddr5/
195,ASUS TUF GAMING B550-PLUS,Motherboard,"₨57,200",https://xtremehardware.pk/product/asus-tuf-gaming-b550-plus/
196,ASUS TUF GAMING B650M-E,Motherboard,"₨57,750",https://xtremehardware.pk/product/asus-tuf-gaming-b650m-e/
197,GIGABYTE B760 GAMING X,Motherboard,"₨58,000",https://xtremehardware.pk/product/gigabyte-b760-gaming-x-2/
198,ASUS TUF VG249Q1A 23.8″ 1080P FHD IPS 165Hz Gaming Monitor,LCD/LED Montiors,"₨59,000",https://xtremehardware.pk/product/asus-tuf-vg249q1a-ips-24-inch-1080p-fhd-165hz-gaming-monitor/
199,MSI Optix G24C4 24″ (Actual size 23.6″) 1920 x 1080 1ms (MPRT) 144Hz AMD FreeSync Anti-Flicker Low Blue Light Frameless Design Anti-Glare Backit LED Curved Gaming Monitor,LCD/LED Montiors,"₨60,000",https://xtremehardware.pk/product/msi-optix-g24c4-24%e2%80%b3-actual-size-23-6%e2%80%b3-1920-x-1080-1ms-mprt-144hz-amd-freesync-anti-flicker-low-blue-light-frameless-design-anti-glare-backit-led-curved-gaming-monitor/
200,GIGABYTE B760 GAMING X,Motherboard,"₨60,000",https://xtremehardware.pk/product/gigabyte-b760-gaming-x/
201,ASUS TUF Gaming 1000W Gold,Power Supply,"₨60,500",https://xtremehardware.pk/product/asus-tuf-gaming-1000w-gold/
202,XPG CORE REACTOR II GOLD 1000W,Power Supply,"₨60,999",https://xtremehardware.pk/product/xpg-core-reactor-ii-gold-1000w/
203,ASUS DUAL-GTX1650 – 4GD6-P-V2,Graphic Cards,"₨62,700",https://xtremehardware.pk/product/asus-dual-gtx1650-4gd6-p-v2/
204,ASUS TUF GAMING B550-PLUS WIFI II,Motherboard,"₨63,250",https://xtremehardware.pk/product/asus-tuf-gaming-b550-plus-wifi-ii/
205,ASUS ROG RYUJIN III 240 ARGB,Cooling Solutions,"₨63,800",https://xtremehardware.pk/product/asus-rog-ryujin-iii-240-argb/
206,ASUS TUF GAMING B760M-PLUS WIFI,Motherboard,"₨64,350",https://xtremehardware.pk/product/tuf-gaming-b760m-plus-wifi/
207,ASUS TUF GAMING B760-PLUS WIFI,Motherboard,"₨64,900",https://xtremehardware.pk/product/asus-tuf-gaming-b760-plus-wifi/
208,ASUS TUF GAMING B760-PLUS WIFI,Motherboard,"₨64,900",https://xtremehardware.pk/product/tuf-gaming-b760-plus-wifi/
209,"ASUS TUF Gaming VG249Q3A Gaming Monitor 24-inch (23.8 inch viewable), Full HD",LCD/LED Montiors,"₨64,900",https://xtremehardware.pk/product/asus-tuf-gaming-vg249q3a-gaming-monitor-24-inch-23-8-inch-viewable-full-hd/
210,MSI MAG B760M MORTAR,Motherboard,"₨64,900",https://xtremehardware.pk/product/msi-mag-b760m-mortar/
211,Basic 3,Pre Build PC,"₨64,999",https://xtremehardware.pk/product/basic-03/
212,GIGABYTE G24F 2 24inch 165Hz/180Hz(OC) 1080P Gaming Monitor,LCD/LED Montiors,"₨65,000",https://xtremehardware.pk/product/gigabyte-g24f-2-24inch-165hz-180hzoc-1080p-gaming-monitor/
213,ASUS VG278Q Gaming Monitor 27inch Full HD,LCD/LED Montiors,"₨65,000",https://xtremehardware.pk/product/asus-vg278q-gaming-monitor-27inch-full-hd/
214,MSI G274F,LCD/LED Montiors,"₨65,000",https://xtremehardware.pk/product/msi-g274f/
215,MSI G27C5 E2,LCD/LED Montiors,"₨65,000",https://xtremehardware.pk/product/msi-g27c5-e2/
216,Value 2,Pre Build PC,"₨65,000",https://xtremehardware.pk/product/value-2/
217,MSI PRO Z790-P DDR4,Motherboard,"₨68,000",https://xtremehardware.pk/product/msi-pro-z790-p-ddr4/
218,ASUS TUF VG279Q1A 27″ FHD 1080P 165Hz Gaming Monitor,LCD/LED Montiors,"₨68,200",https://xtremehardware.pk/product/asus-tuf-vg279q1a-ips-27-inch-fhd-1080p-165hz-gaming-monitor/
219,MSI MAG B760M MORTAR WIFI,Motherboard,"₨68,200",https://xtremehardware.pk/product/msi-mag-b760m-mortar-wifi/
220,EASE G27I16 27″ 165Hz 1ms (OD) 2K IPS 2560 x 1440 Gaming Monitor,LCD/LED Montiors,"₨68,499",https://xtremehardware.pk/product/ease-g27i16-27-inch-2k-ips-gaming-monitor/
221,ASUS TUF VG249Q1R 23.8″ 1080P Full HD IPS 165Hz Gaming Monitor,LCD/LED Montiors,"₨69,000",https://xtremehardware.pk/product/asus-tuf-vg249q1r-ips-1080p-full-hd-165hz-gaming-monitor/
222,TUF Gaming VG279QR Gaming Monitor – 27 inch Full HD,LCD/LED Montiors,"₨70,000",https://xtremehardware.pk/product/tuf-gaming-vg279qr-gaming-monitor-27-inch-full-hd/
223,Ramadan Deal 2,Pre Build PC,"₨70,000",https://xtremehardware.pk/product/ramadan-deal-2/
224,GIGABYTE Z790-D DDR4,Motherboard,"₨72,000",https://xtremehardware.pk/product/gigabyte-z790-d-ddr4/
225,DeepCool PX1000P Platinum  Power Supply,Power Supply,"₨72,000",https://xtremehardware.pk/product/deepcool-px1000p-platinum-power-supply/
226,SILVERSTONE DA1000R Gold PSU,Power Supply,"₨72,800",https://xtremehardware.pk/product/silverstone-da1000r-gold-psu/
227,MSI G27C4X 27″ 250 Hz VA FreeSync Premium (AMD Adaptive Sync) 1920 x 1080 Gaming Monitor,LCD/LED Montiors,"₨74,499",https://xtremehardware.pk/product/msi-g27c4x-27%e2%80%b3-250-hz-va-freesync-premium-amd-adaptive-sync-1920-x-1080-gaming-monitor/
228,MAG B760 TOMAHAWK WIFI DDR4,Motherboard,"₨75,000",https://xtremehardware.pk/product/mag-b760-tomahawk-wifi-ddr4/
229,"ASUS TUF Gaming VG279Q3A Gaming Monitor – 27-inch, Full HD",LCD/LED Montiors,"₨75,900",https://xtremehardware.pk/product/asus-tuf-gaming-vg279q3a-gaming-monitor-27-inch-full-hd/
230,ASUS TUF Gaming 1200W Gold,Power Supply,"₨77,000",https://xtremehardware.pk/product/asus-tuf-gaming-1200w-gold/
231,Asus Prime Z790-P CSM,Motherboard,"₨79,200",https://xtremehardware.pk/product/asus-prime-z790-p-csm/
232,ASUS MG278Q 27″ QHD 1440p 144Hz 1ms Eye Care G-SYNC,LCD/LED Montiors,"₨80,000",https://xtremehardware.pk/product/asus-mg278q-27-qhd-1440p-144hz-1ms-eye-care-g-sync/
233,Xtreme 2,Pre Build PC,"₨80,000",https://xtremehardware.pk/product/xtreme-2-2/
234,Basic 4,Pre Build PC,"₨81,999",https://xtremehardware.pk/product/basic-4/
235,TUF Gaming VG328QA1A Gaming Monitor 32-inch Full HD 1920×1080,LCD/LED Montiors,"₨82,500",https://xtremehardware.pk/product/tuf-gaming-vg328qa1a-gaming-monitor-32-inch-full-hd-1920x1080/
236,Basic 5,Pre Build PC,"₨82,999",https://xtremehardware.pk/product/basic-5/
237,ROG RYUO III 240 ARGB,Cooling Solutions,"₨83,500",https://xtremehardware.pk/product/rog-ryuo-iii-240-argb/
238,ASUS TUF GAMING B760-PLUS WIFI D4 Intel B760 (13th and 12th Gen) LGA 1700 ATX Motherboard,Motherboard,"₨85,000",https://xtremehardware.pk/product/asus-tuf-gaming-b760-plus-wifi-d4-intel-b760-13th-and-12th-gen-lga-1700-atx-motherboard/
239,ASUS TUF GAMING Z790-PLUS D4,Motherboard,"₨85,000",https://xtremehardware.pk/product/tuf-gaming-z790-plus-d4/
240,SILVERSTONE HELA 1200R Platinum,Power Supply,"₨85,120",https://xtremehardware.pk/product/silverstone-hela-1200r-platinum/
241,ASUS ROG STRIX B760-F GAMING WIFI,Motherboard,"₨85,800",https://xtremehardware.pk/product/asus-rog-strix-b760-f-gaming-wifi/
242,ASUS ROG STRIX B760-A GAMING WIFI,Motherboard,"₨85,800",https://xtremehardware.pk/product/asus-rog-strix-b760-a-gaming-wifi/
243,ASUS TUF Gaming VG328H1B Gaming Monitor 31.5 inch Full HD,LCD/LED Montiors,"₨85,800",https://xtremehardware.pk/product/asus-tuf-gaming-vg328h1b-gaming-monitor-31-5-inch-full-hd/
244,MSI PRO Z790-A WIFI,Motherboard,"₨85,800",https://xtremehardware.pk/product/msi-pro-z790-a-wifi/
245,ASUS ProArt Display PA248QV 24.1” WUXGA IPS FHD Professional Monitor,LCD/LED Montiors,"₨86,900",https://xtremehardware.pk/product/asus-proart-display-pa248qv-ips-24-inch-wuxga-fhd-professional-monitor/
246,ASUS PRIME Z790-P CSM WIFI,Motherboard,"₨86,900",https://xtremehardware.pk/product/asus-prime-z790-p-csm-wifi/
247,ASUS TUF VG279QR 27″ 1080P FHD IPS 165Hz Gaming Monitor,LCD/LED Montiors,"₨88,000",https://xtremehardware.pk/product/asus-tuf-vg279qr-ips-27-inch-fhd-gaming-monitor/
248,ASUS ZenScreen MB166C Portable Monitor 16 inch 15.6 inch viewable,LCD/LED Montiors,"₨88,000",https://xtremehardware.pk/product/asus-zenscreen-mb166c-portable-monitor-16-inch-15-6-inch-viewable/
249,ASUS TUF VG279QL1A 27″ HDR 1080P FHD 165Hz IPS Gaming Monitor,LCD/LED Montiors,"₨89,000",https://xtremehardware.pk/product/asus-tuf-vg279ql1a-ips-27-inch-hdr-1080p-fhd-165hz-gaming-monitor/
250,MSI MAG B650 TOMAHAWK WIFI,Motherboard,"₨90,000",https://xtremehardware.pk/product/msi-mag-b650-tomahawk-wifi/
251,Gigabyte X670 Gaming X AX,Motherboard,"₨90,000",https://xtremehardware.pk/product/gigabyte-x670-gaming-x-ax/
252,Value 3,Pre Build PC,"₨90,000",https://xtremehardware.pk/product/value-3/
253,Asus ROG Strix Helios GX601 RGB Mid-Tower Computer Case (Black),Casing,"₨90,200",https://xtremehardware.pk/product/asus-rog-strix-helios-gx601-case-black/
254,ASUS ROG RYUO III 360 ARGB,Cooling Solutions,"₨90,200",https://xtremehardware.pk/product/asus-rog-ryuo-iii-360-argb/
255,"ASUS TUF Gaming VG259QR 24.5” Gaming Monitor- IPS1080P Full HD, 165Hz (Supports 144Hz) Height Adjustable, Black",LCD/LED Montiors,"₨92,000",https://xtremehardware.pk/product/asus-tuf-vg259qr-ips-panel-price-pakistan/
256,ASUS ProArt Display PA247CV 23.8″ IPS FHD Color Accurate Professional Monitor,LCD/LED Montiors,"₨93,500",https://xtremehardware.pk/product/asus-proart-display-pa247cv-ips-fhd-color-accurate-professional-monitor/
257,Asus ROG Strix B650-A Gaming Wifi,Motherboard,"₨94,000",https://xtremehardware.pk/product/asus-rog-strix-b650-a-gaming-wifi/
258,Smash 1,Pre Build PC,"₨95,000",https://xtremehardware.pk/product/smash-1-2/
259,ASUS DUAL RTX 3050 8G V2,Graphic Cards,"₨95,700",https://xtremehardware.pk/product/asus-dual-rtx-3050-8g-v2/
260,MSI G272QPF,LCD/LED Montiors,"₨96,500",https://xtremehardware.pk/product/msi-g272qpf/
261,"ASUS VP32AQ Eye Care Monitor – 31.5-inch, WQHD",LCD/LED Montiors,"₨96,800",https://xtremehardware.pk/product/asus-vp32aq-eye-care-monitor-31-5-inch-wqhd/
262,Intel® Core™ i5-13600KF BOX PACK,Processors,"₨98,000",https://xtremehardware.pk/product/intel-core-i5-13600kf/
263,ASUS PRIME Z790-A WIFI-CSM,Motherboard,"₨99,000",https://xtremehardware.pk/product/asus-prime-z790-a-wifi-csm/
264,Ramadan Deal 3,Pre Build PC,"₨100,000",https://xtremehardware.pk/product/ramadan-deal-3/
265,Value 4,Pre Build PC,"₨100,000",https://xtremehardware.pk/product/value-4-2/
266,ASUS PRIME X670-P WIFI CSM,Motherboard,"₨101,200",https://xtremehardware.pk/product/asus-prime-x670-p-wifi-csm/
267,MSI OPTIX G32CQ4 E2,LCD/LED Montiors,"₨102,000",https://xtremehardware.pk/product/msi-optix-g32cq4/
268,GIGABYTE Z790 AORUS ELITE AX,Motherboard,"₨103,000",https://xtremehardware.pk/product/gigabyte-z790-aorus-elite-ax/
269,Intel Core i7-12700K Processor,Processors,"₨105,000",https://xtremehardware.pk/product/intel-core-i7-12700k-processor/
270,TUF Gaming VG279QM-Gaming Monitor – 27 inch Full HD,LCD/LED Montiors,"₨106,700",https://xtremehardware.pk/product/tuf-gaming-vg279qm-gaming-monitor-27-inch-full-hd/
271,Intel® Core™ i5-14600KF BOX PACK,Processors,"₨107,000",https://xtremehardware.pk/product/intel-core-i5-14600kf/
272,ASUS TUF Gaming VG30VQL1A 30″ WFHD 200Hz Ultrawide Curved HDR Gaming Monitor,LCD/LED Montiors,"₨107,800",https://xtremehardware.pk/product/asus-tuf-vg30vql1a-curved-gaming-monitor/
273,ASUS TUF GAMING Z790-PLUS WIFI,Motherboard,"₨107,800",https://xtremehardware.pk/product/asus-tuf-gaming-z790-plus-wifi/
274,ASUS PROART B760- CREATOR,Motherboard,"₨108,900",https://xtremehardware.pk/product/asus-proart-b760-creator/
275,MSI RTX™ 4060 VENTUS 2X BLACK 8G OC,Graphic Cards,"₨110,000",https://xtremehardware.pk/product/msi-rtx-4060-ventus-2x-black-8g-oc/
276,ASUS TUF VG27AQ1A  27″ 2K QHD IPS 170Hz HDR Gaming Monitor,LCD/LED Montiors,"₨112,200",https://xtremehardware.pk/product/asus-tuf-vg27ac1a-27-inch-2k-qhd-gaming-monitor/
277,"ASUS TUF Gaming VG27AQ3A Gaming Monitor – 27-inch, QHD",LCD/LED Montiors,"₨112,200",https://xtremehardware.pk/product/asus-tuf-gaming-vg27aq3a-gaming-monitor-27-inch-qhd/
278,ASUS ROG-THOR-1000P2-GAMING,Power Supply,"₨112,200",https://xtremehardware.pk/product/asus-rog-thor-1000p2-gaming/
279,Professional 2,Pre Build PC,"₨115,000",https://xtremehardware.pk/product/professional-2/
280,Xtreme 3,Pre Build PC,"₨115,000",https://xtremehardware.pk/product/xtreme-3-2/
281,TUF Gaming VG32VQ1B Curved Gaming Monitor 31.5 inch WQHD,LCD/LED Montiors,"₨115,500",https://xtremehardware.pk/product/tuf-gaming-vg32vq1b-curved-gaming-monitor-31-5-inch-wqhd/
282,Intel® Core™ i5 14600K BOX PACK,Processors,"₨116,000",https://xtremehardware.pk/product/intel-core-i5-14600k/
283,ASUS PRIME X670E-PRO WIFI CSM,Motherboard,"₨116,600",https://xtremehardware.pk/product/asus-prime-x670e-pro-wifi-csm/
284,Professional 4,Pre Build PC,"₨120,000",https://xtremehardware.pk/product/professional-4/
285,ASUS ROG RYUJIN III 360 ARGB,Cooling Solutions,"₨121,000",https://xtremehardware.pk/product/asus-rog-ryujin-iii-360-argb/
286,ASUS ROG STRIX Z790-H GAMING WIFI,Motherboard,"₨123,200",https://xtremehardware.pk/product/asus-rog-strix-z790-h-gaming-wifi/
287,ASUS ROG THOR 1200P2 GAMING,Power Supply,"₨125,000",https://xtremehardware.pk/product/asus-rog-thor-1200p2-gaming/
288,MSI G321Q,LCD/LED Montiors,"₨125,999",https://xtremehardware.pk/product/msi-g321q/
289,ROG RYUJIN III 360 ARGB WHITE EDITION,Cooling Solutions,"₨126,500",https://xtremehardware.pk/product/rog-ryujin-iii-360-argb-white-edition/
290,Ramadan Deal 4,Pre Build PC,"₨130,000",https://xtremehardware.pk/product/ramadan-deal-4/
291,GIGABYTE AERO GeForce RTX 4060 OC 8GB GDDR6 128bit Graphics Cards,Graphic Cards,"₨130,000",https://xtremehardware.pk/product/gigabyte-aero-geforce-rtx-4060-oc-8gb-gddr6-128bit-graphics-cards/
292,ASUS ROG Strix GeForce RTX 4080 16GB GDDR6X OC Edition Gaming Graphics Card,Graphic Cards,"₨130,000",https://xtremehardware.pk/product/asus-rog-strix-geforce-rtx-4080-16gb-gddr6x-oc-edition-gaming-graphics-card/
293,ASUS ProArt Display PA278QV IPS 27” WQHD Professional Monitor,LCD/LED Montiors,"₨132,000",https://xtremehardware.pk/product/asus-proart-display-pa278qv-ips-27-inch-wqhd-professional-monitor/
294,ASUS DUAL RTX 4060 8G,Graphic Cards,"₨132,000",https://xtremehardware.pk/product/asus-dual-rtx-4060-8g/
295,"ASUS TUF Gaming 27″ 2K HDR Monitor (VG27AQ1A) – QHD (2560 x 1440), IPS, 170Hz Gaming Monitor",LCD/LED Montiors,"₨135,000",https://xtremehardware.pk/product/asus-tuf-vg27aq1a-2k-qhd-170hz-gaming-monitor/
296,Professional 3,Pre Build PC,"₨135,000",https://xtremehardware.pk/product/professional-3/
297,Value 5,Pre Build PC,"₨135,000",https://xtremehardware.pk/product/value-5-2/
298,ASUS TUF VG289Q1A 28” 4K UHD IPS Gaming Monitor,LCD/LED Montiors,"₨137,500",https://xtremehardware.pk/product/asus-tuf-vg289q1a-ips-4k-uhd-ips-gaming-monitor/
299,ASUS DUAL RTX 4060 8G WHITE,Graphic Cards,"₨137,500",https://xtremehardware.pk/product/asus-dual-rtx-4060-8g-white/
300,"ASUS TUF VG27AQL1A 27″ 2K, QHD, IPS, 170Hz Gaming Monitor",LCD/LED Montiors,"₨140,000",https://xtremehardware.pk/product/asus-tuf-vg27aql1a-ips-qhd-170hz-gaming-monitor/
301,EVGA GeForce RTX 3080 XC3 Ultra Gaming,Graphic Cards,"₨140,000",https://xtremehardware.pk/product/evga-geforce-rtx-3080-xc3-ultra-gaming/
302,Smash 2,Pre Build PC,"₨145,000",https://xtremehardware.pk/product/smash-2-2/
303,ASUS ROG STRIX Z790-A GAMING WIFI,Motherboard,"₨145,200",https://xtremehardware.pk/product/asus-rog-strix-z790-a-gaming-wifi/
304,ASUS ROG STRIX Z790-F GAMING WIFI,Motherboard,"₨145,200",https://xtremehardware.pk/product/asus-rog-strix-z790-f-gaming-wifi/
305,ASUS ProArt Display PA278CV 27″ IPS WQHD Color Accurate Professional Monitor,LCD/LED Montiors,"₨148,500",https://xtremehardware.pk/product/asus-proart-display-pa278cv-ips-27-inch-wqhd-professional-monitor/
306,ASUS ROG STRIX Z790-F GAMING WIFI II,Motherboard,"₨149,600",https://xtremehardware.pk/product/asus-rog-strix-z790-f-gaming-wifi-ii/
307,Rapid 1,Pre Build PC,"₨150,000",https://xtremehardware.pk/product/rapid-1/
308,Professional 5,Pre Build PC,"₨150,000",https://xtremehardware.pk/product/professional-5/
309,Ramadan Deal 5,Pre Build PC,"₨150,000",https://xtremehardware.pk/product/ramadan-deal-5/
310,Xtreme 4,Pre Build PC,"₨150,000",https://xtremehardware.pk/product/xtreme-4-2/
311,Value 6,Pre Build PC,"₨150,000",https://xtremehardware.pk/product/value-6/
312,ASUS ROG STRIX Z790-A GAMING WIFI II,Motherboard,"₨151,800",https://xtremehardware.pk/product/asus-rog-strix-z790-a-gaming-wifi-ii/
313,ASUS ROG HYPERION GR701 Full-Tower E-ATX Gaming Case,Casing,"₨154,000",https://xtremehardware.pk/product/gr701-rog-hyperion-price-pakistan/
314,ASUS ROG HYPERION GR701 Full-Tower E-ATX Gaming Case WHITE,Casing,"₨154,000",https://xtremehardware.pk/product/asus-rog-hyperion-gr701-full-tower-e-atx-gaming-case-white/
315,Ramadan Deal 1,Pre Build PC,"₨160,000",https://xtremehardware.pk/product/xtreme-ramadan/
316,ASUS TUF VG27WQ 27” 1440P WQHD 165Hz Gaming Curved Monitor,LCD/LED Montiors,"₨162,000",https://xtremehardware.pk/product/asus-tuf-vg27wq-27-inch-1440p-wqhd-165hz-gaming-curved-monitor/
317,ASUS ROG Strix XG309CM 29.5” 21:9 HDR IPS WFHD 220Hz Gaming Monitor,LCD/LED Montiors,"₨162,000",https://xtremehardware.pk/product/asus-rog-strix-xg309cm-ips-wfhd-220hz-gaming-monitor/
318,ASUS DUAL RTX 4060 Ti 8G,Graphic Cards,"₨165,000",https://xtremehardware.pk/product/asus-dual-rtx-4060-ti-8g/
319,Xtreme 5,Pre Build PC,"₨165,000",https://xtremehardware.pk/product/xtreme-5-2/
320,Smash 3,Pre Build PC,"₨175,000",https://xtremehardware.pk/product/smash-3-2/
321,ASUS TUF VG34VQL1B 34” WQHD 165Hz Gaming Curved HDR Monitor,LCD/LED Montiors,"₨176,000",https://xtremehardware.pk/product/asus-tuf-vg34vql1b-34-inch-wqhd-165hz-gaming-curved-hdr-monitor/
322,ASUS ROG STRIX Z790-E GAMING WIFI,Motherboard,"₨176,000",https://xtremehardware.pk/product/asus-rog-strix-z790-e-gaming-wifi/
323,ASUS ROG STRIX X670-E GAMING WIFI,Motherboard,"₨180,000",https://xtremehardware.pk/product/asus-rog-strix-x670-e-gaming-wifi/
324,Intel® Core™ i9 14900KF BOX PACK,Processors,"₨180,000",https://xtremehardware.pk/product/intel-core-i9-14900kf/
325,ASUS ProArt Display PA279CV 27” 4K HDR UHD IPS Monitor,LCD/LED Montiors,"₨181,500",https://xtremehardware.pk/product/asus-proart-display-pa279cv-ips-27-inch-4k-hdr-uhd-monitor/
326,ASUS DUAL RTX 4060 Ti 16G,Graphic Cards,"₨184,800",https://xtremehardware.pk/product/asus-dual-rtx-4060-ti-16g/
327,ASUS ROG Strix XG32VC 31.5″ WQHD 170Hz Curved Gaming Monitor,LCD/LED Montiors,"₨188,000",https://xtremehardware.pk/product/asus-rog-strix-xg32vc-32-inch-wqhd-170hz-curved-gaming-monitor/
328,ASUS VP32UQ 31.5″ 4K UHD IPS HDR Eye Care Monitor with Speakers,LCD/LED Montiors,"₨190,000",https://xtremehardware.pk/product/asus-vp32uq-4k-uhd-ips-hdr-eye-care-monitor/
329,ASUS PRO ART RTX 4060 Ti 16G,Graphic Cards,"₨192,500",https://xtremehardware.pk/product/asus-pro-art-rtx-4060-ti-16g/
330,ASUS ProArt Display PA328QV 31.5″ IPS QHD Color Accurate Monitor,LCD/LED Montiors,"₨195,800",https://xtremehardware.pk/product/asus-proart-display-pa328qv-32-inch-ips-qhd-monitor/
331,Rapid 2,Pre Build PC,"₨200,000",https://xtremehardware.pk/product/rapid-02/
332,Ramadan Deal 6,Pre Build PC,"₨200,000",https://xtremehardware.pk/product/ramadan-deal-6/
333,Smash 4,Pre Build PC,"₨200,000",https://xtremehardware.pk/product/smash-4-2/
334,"ASUS TUF Gaming VG34VQL3A Curved Gaming Monitor 34 inch WQHD (3440 x 1440), 180Hz, 1500R, Curved design",LCD/LED Montiors,"₨200,200",https://xtremehardware.pk/product/asus-tuf-gaming-vg34vql3a-curved-gaming-monitor-34-inch-wqhd-3440-x-1440-180hz-1500r-curved-design/
335,"ASUS ROG Strix XG32VC Gaming Monitor – 31.5 inch WQHD (2560 x 1440), 170Hz (Above 144Hz)",LCD/LED Montiors,"₨202,000",https://xtremehardware.pk/product/asus-rog-strix-xg32vc-gaming-monitor-31-5-inch-wqhd-2560-x-1440-170hz-above-144hz/
336,ASUS PROART Z790 CREATOR WIFI,Motherboard,"₨203,500",https://xtremehardware.pk/product/asus-proart-z790-creator-wifi/
337,ASUS DUAL RTX 4070 12G,Graphic Cards,"₨217,800",https://xtremehardware.pk/product/asus-dual-rtx-4070-12g/
338,ASUS TUF Gaming 28” 4K 144HZ DSC HDMI 2.1 Gaming Monitor (VG28UQL1A),LCD/LED Montiors,"₨225,500",https://xtremehardware.pk/product/vg28uql1a-ips-panel-res-3840x2160-144hz-1ms-gtg-g-sync/
339,ASUS ROG Strix XG32AQ 32″ 1440P QHD IPS 175Hz Gaming Monitor,LCD/LED Montiors,"₨230,000",https://xtremehardware.pk/product/asus-rog-strix-xg32aq-ips-32-inch-1440p-qhd-gaming-monitor/
340,Ramadan Deal 7,Pre Build PC,"₨230,000",https://xtremehardware.pk/product/ramadan-deal-7/
341,ASUS ROG Swift OLED PG42UQ,LCD/LED Montiors,"₨233,500",https://xtremehardware.pk/product/asus-rog-swift-oled-pg42uq/
342,ASUS TUF RTX 4070 12G GAMING,Graphic Cards,"₨239,800",https://xtremehardware.pk/product/asus-tuf-rtx-4070-12g-gaming/
343,Rapid 3,Pre Build PC,"₨240,000",https://xtremehardware.pk/product/rapid-3/
344,XFX MERC 319 Radeon™ RX 7800 XT,Graphic Cards,"₨240,000",https://xtremehardware.pk/product/xfx-merc-319-radeon-rx-7800-xt/
345,ASUS ROG THOR 1600T GAMING,Power Supply,"₨242,000",https://xtremehardware.pk/product/asus-rog-thor-1600t-gaming/
346,ASUS TUF Gaming VG32UQA1A Gaming Monitor –32 inch (31.5 inch viewable) 4K,LCD/LED Montiors,"₨245,300",https://xtremehardware.pk/product/asus-tuf-gaming-vg32uqa1a-gaming-monitor-32-inch-31-5-inch-viewable-4k/
347,ASUS ROG Swift PG329Q Gaming Monitor – 32″ WQHD IPS 175Hz,LCD/LED Montiors,"₨247,500",https://xtremehardware.pk/product/asus-rog-swift-pg329q-ips-32-inch-wqhd-gaming-monitor/
348,ASUS ROG STRIX CROSSHAIR X670E HERO,Motherboard,"₨247,500",https://xtremehardware.pk/product/asus-rog-strix-crosshair-x670e-hero/
349,"ASUS ProArt Display PA34VCNV Curved Professional Monitor 34.1-inch, IPS",LCD/LED Montiors,"₨247,500",https://xtremehardware.pk/product/asus-proart-display-pa34vcnv-curved-professional-monitor-34-1-inch-ips/
350,ASUS ROG MAXIMUS Z790 HERO,Motherboard,"₨253,000",https://xtremehardware.pk/product/asus-rog-maximus-z790-hero/
351,ASUS ROG MAXIMUS Z790 DARK HERO,Motherboard,"₨264,000",https://xtremehardware.pk/product/21833/
352,"ASUS ProArt Display PA348CGV Professional Monitor – 34-inch, IPS, 21:9, Ultra-wide QHD (3440 x 1440)",LCD/LED Montiors,"₨275,000",https://xtremehardware.pk/product/asus-proart-display-pa348cgv-professional-monitor-34-inch-ips-219-ultra-wide-qhd-3440-x-1440/
353,ASUS ProArt Display 32″ 4K PA329CV UHD IPS HDR Monitor,LCD/LED Montiors,"₨280,500",https://xtremehardware.pk/product/pa329cv-ips-panel-res-3840x2160-60hz-5ms-gtg/
354,ASUS ROG MAXIMUS Z790 FORMULA,Motherboard,"₨286,000",https://xtremehardware.pk/product/asus-rog-maximus-z790-formula/
355,Rapid 4,Pre Build PC,"₨300,000",https://xtremehardware.pk/product/rapid-4/
356,Ramadan Deal 8,Pre Build PC,"₨300,000",https://xtremehardware.pk/product/ramadan-deal-8/
357,ZOTAC GAMING GeForce RTX 4070 Ti SUPER Trinity Black Edition,Graphic Cards,"₨300,000",https://xtremehardware.pk/product/zotac-gaming-geforce-rtx-4070-ti-super-trinity-black-edition/
358,Smash 5,Pre Build PC,"₨300,000",https://xtremehardware.pk/product/smash-5-2/
359,ASUS ROG Swift PG43UQ 43″ 4K UHD 144Hz Gaming Monitor,LCD/LED Montiors,"₨319,000",https://xtremehardware.pk/product/asus-rog-swift-pg43uq-price-pakistan/
360,"ASUS ProArt Display PA329CRV Professional Monitor – 32-inch (31.5-inch viewable), IPS, 4K UHD",LCD/LED Montiors,"₨322,300",https://xtremehardware.pk/product/asus-proart-display-pa329crv-professional-monitor-32-inch-31-5-inch-viewable-ips-4k-uhd/
361,ASUS TUF RTX 4070Ti O12G GAMING,Graphic Cards,"₨324,500",https://xtremehardware.pk/product/asus-tuf-rtx-4070ti-o12g-gaming/
362,Rapid 5,Pre Build PC,"₨340,000",https://xtremehardware.pk/product/rapid-5/
363,"ASUS ROG STRIX XG49VQ Super Ultra-Wide HDR Gaming Monitor — 49-inch – ( VA Panel, Res: 3840X1080, 144Hz, 4ms GTG, Free Sync)",LCD/LED Montiors,"₨346,500",https://xtremehardware.pk/product/xg49vq-va-panel-res-3840x1080-144hz-4ms-gtg-free-sync/
364,ASUS ROG Strix XG49WCR,LCD/LED Montiors,"₨374,000",https://xtremehardware.pk/product/asus-rog-strix-xg49wcr/
365,"ASUS ROG Strix XG43UQ – ( VA Panel, Res: 4K UHD 3840X2160, 144Hz, 1ms MPRT, Free Sync)",LCD/LED Montiors,"₨385,000",https://xtremehardware.pk/product/xg43uq-va-panel-res-3840x2160-144hz-1ms-mprt-free-sync/
366,SILVERSTONE ICEMYST 360,Cooling Solutions,"₨425,600",https://xtremehardware.pk/product/silverstone-icemyst-360/
367,ASUS PRO ART RTX 4080 16G,Graphic Cards,"₨489,500",https://xtremehardware.pk/product/asus-pro-art-rtx-4080-16g/
368,Ramadan Deal 9,Pre Build PC,"₨500,000",https://xtremehardware.pk/product/ramadan-deal-9/
369,ASUS ROG STRIX RTX 4080 16G GAMING,Graphic Cards,"₨522,500",https://xtremehardware.pk/product/asus-rog-strix-rtx-4080-16g-gaming/
370,Apex 2,Pre Build PC,"₨535,000",https://xtremehardware.pk/product/apex-2/
371,Apex 1,Pre Build PC,"₨550,000",https://xtremehardware.pk/product/apex-1/
372,Ramadan Deal 10,Pre Build PC,"₨950,000",https://xtremehardware.pk/product/ramadan-deal-10/
373,Apex 3,Pre Build PC,"₨965,000",https://xtremehardware.pk/product/apex-3/
374,Ramadan Deal 11,Pre Build PC,"₨1,050,000",https://xtremehardware.pk/product/ramadan-deal-11/
375,Apex 4,Pre Build PC,"₨1,100,000",https://xtremehardware.pk/product/apex-4/
376,Apex 5,Pre Build PC,"₨1,200,000",https://xtremehardware.pk/product/apex-5/
